Symbol,Previous Signal,Current Signal,Action Category,Notes
LLY,HOLD_ADD,FADING,‚ö†Ô∏è DOWNGRADE (Action: Caution/Trim),Changed from HOLD_ADD to FADING
BA,HOLD_ADD,FADING,‚ö†Ô∏è DOWNGRADE (Action: Caution/Trim),Changed from HOLD_ADD to FADING
ANET,HOLD_ADD,CAUTIOUS,‚ö†Ô∏è DOWNGRADE (Action: Caution/Trim),Changed from HOLD_ADD to CAUTIOUS
AAPL,CAUTIOUS,HOLD_ADD,üìà UPGRADE (Action: Accumulate/Hold),Changed from CAUTIOUS to HOLD_ADD
NVDA,FADING,HOLD_ADD,üìà UPGRADE (Action: Accumulate/Hold),Changed from FADING to HOLD_ADD
CSCO,FADING,HOLD_ADD,üìà UPGRADE (Action: Accumulate/Hold),Changed from FADING to HOLD_ADD
C,FADING,HOLD_ADD,üìà UPGRADE (Action: Accumulate/Hold),Changed from FADING to HOLD_ADD
GD,FADING,HOLD_ADD,üìà UPGRADE (Action: Accumulate/Hold),Changed from FADING to HOLD_ADD
V,EXIT,WAIT,üìà UPGRADE (Action: Watch closely),Changed from EXIT to WAIT
LIN,WAIT,BULLISH,üöÄ NEW BUY (Action: Buy Now),Changed from WAIT to BULLISH
QCOM,WAIT,EXIT,üö® NEW SELL (Action: Sell Now),Changed from WAIT to EXIT
CRWD,WAIT,EXIT,üö® NEW SELL (Action: Sell Now),Changed from WAIT to EXIT
